Boulogne-Billancourt,92100,252,0,/annonces/appartement-boulogne-billancourt-92100-r448003492,"					Appartement 2 pièces situé en rez-de-chaussée  d’un petit immeuble ancien dans le quartier Escudier, à proximitéde toutes commodités ainsi que du métro Boulogne-Jean Jaurès et du marché Escudier....			"
Nanterre,92000,250,0,/annonces/appartement-nanterre-92000-r444502659,"					Nanterre Préfecture Parc André MalrauxAppartement de 47 m², idéalement positionné à 3mn du RER A et à proximité de la Défense.  Situé au 5e étage avec ascenseur, cet appartement calme comprend une...			"
Fontenay-Aux-Roses,92260,255,0,/annonces/appartement-fontenay-aux-roses-92260-r445800893,"					Appartement 2 pièces de 50m2, en très bon état, lumineux dans un petit immeuble de 4 étages dans une résidence de Haut standing calme et verdoyante.Le bien vient accompagné d'une grande cave de...			"
Colombes,92700,265,0,/annonces/appartement-colombes-92700-r448401073,"					Dans une copropriété récente (2017) à taille humaine (30 lots), centre de Colombes, à 7 min à pied de la gare de Colombes.En rez-de-chaussée avec jardinet donnant sur l'intérieur (aucune nuisance...			"
Antony,92160,215,0,/annonces/appartement-antony-92160-r447503007,"					Résidence calme de 4 étages située dans une rue à sens unique au sein d'un quartier pavillonnaire.Beau 2 pièces de 42 m² traversant entièrement rénové à neuf, au rez-de-chaussée surélevé offrant :...			"
Appartement neuf Colombes,0,289,0,https://www.immoneuf.com/programme/annonce-immobilier-neuf/colombes-92700-g43300/p419369?origine=annonce-pap&utm_source=pap&utm_medium=link&utm_campaign=pap_annonces,"Résidence Artémis.				Découvrez notre nouvelle résidence à Colombes et devenez propriétaire dès maintenant d'un appartement neuf T2, T3, T4 ou d'une villa T5 dans un quartier paisible. Les logements lumineux bénéficient...			"
Châtillon,92320,316,0,/annonces/appartement-chatillon-92320-r445701395,"					Au Coeur de ville de Châtillon, à proximité immédiate de toutes commodités. Venez visiter de 2 pièces de 45 m2 situé au 3ème et dernier étage d'une résidence sécurisée de 2001.T6 Centre de...			"
Le Plessis-Robinson,92350,310,0,/annonces/appartement-le-plessis-robinson-92350-r445601740,"					Dans un cadre calme et fleuri, sur la commune du Plessis Robinson, appartement 2 pièces d'une surface habitable Carrez de 43,7m² environ.L'espace intérieur est constitué d'une entrée, d'un...			"
Clichy,92110,300,0,/annonces/appartement-clichy-92110-r443602587,"					Appartement T2 lumineux de 36 m².Vue directe sur Parc Salengro sans vis à vis, très bien aménagé rare sur le secteur.Entièrement restructuré par un architecte (Isolation, fenêtres double vitrage,...			"
Clichy,92110,305,0,/annonces/appartement-clichy-92110-r446802126,"					Appartement lumineux,  2 pièces rue de Paris à Clichy proche M° 13 & 14.Dans une copropriété très bien entretenue, au 4e étage avec ascenseur d'un bel immeuble bourgeois années 1930, situé au 13 rue...			"
Montrouge,92120,305,0,/annonces/appartement-montrouge-92120-r443402243,"					Très bien situé, dans une rue calme, proche  de toutes commodités (espaces verts, commerces, banques, opticien, restaurants, écoles ..), à 6 min à pied du centre commercial "" La Vache noire"",...			"
Rueil-Malmaison,92500,363,0,/annonces/appartement-rueil-malmaison-92500-r443602985,"					Proche de toutes commodités, magnifique appartement dans résidence récente.Appartement 2 pièces **en très bon état** offrant entrée, séjour, cuisine américaine entièrement aménagée et équipée, une...			"
Boulogne-Billancourt,92100,329,0,/annonces/appartement-boulogne-billancourt-92100-r431600823,"					Dans une petite copropriété, charmant 2 pièces sans perte d'espace de 35 m² ou il fait bon de vivre.Le grand plus de cet appartement est le balcon terrasse de 10 m².L'appartement est **refait à...			"
Boulogne-Billancourt,92100,0,0,/annonces/appartement-boulogne-billancourt-92100-r448003492,"					Appartement 2 pièces situé en rez-de-chaussée  d’un petit immeuble ancien dans le quartier Escudier, à proximitéde toutes commodités ainsi que du métro Boulogne-Jean Jaurès et du marché Escudier....			"
Nanterre,92000,0,0,/annonces/appartement-nanterre-92000-r444502659,"					Nanterre Préfecture Parc André MalrauxAppartement de 47 m², idéalement positionné à 3mn du RER A et à proximité de la Défense.  Situé au 5e étage avec ascenseur, cet appartement calme comprend une...			"
Fontenay-Aux-Roses,92260,0,0,/annonces/appartement-fontenay-aux-roses-92260-r445800893,"					Appartement 2 pièces de 50m2, en très bon état, lumineux dans un petit immeuble de 4 étages dans une résidence de Haut standing calme et verdoyante.Le bien vient accompagné d'une grande cave de...			"
Colombes,92700,0,0,/annonces/appartement-colombes-92700-r448401073,"					Dans une copropriété récente (2017) à taille humaine (30 lots), centre de Colombes, à 7 min à pied de la gare de Colombes.En rez-de-chaussée avec jardinet donnant sur l'intérieur (aucune nuisance...			"
Antony,92160,0,0,/annonces/appartement-antony-92160-r447503007,"					Résidence calme de 4 étages située dans une rue à sens unique au sein d'un quartier pavillonnaire.Beau 2 pièces de 42 m² traversant entièrement rénové à neuf, au rez-de-chaussée surélevé offrant :...			"
Appartement neuf Colombes,0,0,0,https://www.immoneuf.com/programme/annonce-immobilier-neuf/colombes-92700-g43300/p419369?origine=annonce-pap&utm_source=pap&utm_medium=link&utm_campaign=pap_annonces,"Résidence Artémis.				Découvrez notre nouvelle résidence à Colombes et devenez propriétaire dès maintenant d'un appartement neuf T2, T3, T4 ou d'une villa T5 dans un quartier paisible. Les logements lumineux bénéficient...			"
Châtillon,92320,0,0,/annonces/appartement-chatillon-92320-r445701395,"					Au Coeur de ville de Châtillon, à proximité immédiate de toutes commodités. Venez visiter de 2 pièces de 45 m2 situé au 3ème et dernier étage d'une résidence sécurisée de 2001.T6 Centre de...			"
Le Plessis-Robinson,92350,0,0,/annonces/appartement-le-plessis-robinson-92350-r445601740,"					Dans un cadre calme et fleuri, sur la commune du Plessis Robinson, appartement 2 pièces d'une surface habitable Carrez de 43,7m² environ.L'espace intérieur est constitué d'une entrée, d'un...			"
Clichy,92110,0,0,/annonces/appartement-clichy-92110-r443602587,"					Appartement T2 lumineux de 36 m².Vue directe sur Parc Salengro sans vis à vis, très bien aménagé rare sur le secteur.Entièrement restructuré par un architecte (Isolation, fenêtres double vitrage,...			"
Clichy,92110,0,0,/annonces/appartement-clichy-92110-r446802126,"					Appartement lumineux,  2 pièces rue de Paris à Clichy proche M° 13 & 14.Dans une copropriété très bien entretenue, au 4e étage avec ascenseur d'un bel immeuble bourgeois années 1930, situé au 13 rue...			"
Montrouge,92120,0,0,/annonces/appartement-montrouge-92120-r443402243,"					Très bien situé, dans une rue calme, proche  de toutes commodités (espaces verts, commerces, banques, opticien, restaurants, écoles ..), à 6 min à pied du centre commercial "" La Vache noire"",...			"
Rueil-Malmaison,92500,0,0,/annonces/appartement-rueil-malmaison-92500-r443602985,"					Proche de toutes commodités, magnifique appartement dans résidence récente.Appartement 2 pièces **en très bon état** offrant entrée, séjour, cuisine américaine entièrement aménagée et équipée, une...			"
Boulogne-Billancourt,92100,0,0,/annonces/appartement-boulogne-billancourt-92100-r431600823,"					Dans une petite copropriété, charmant 2 pièces sans perte d'espace de 35 m² ou il fait bon de vivre.Le grand plus de cet appartement est le balcon terrasse de 10 m².L'appartement est **refait à...			"
Boulogne-Billancourt,92100,0,0,/annonces/appartement-boulogne-billancourt-92100-r448003492,"					Appartement 2 pièces situé en rez-de-chaussée  d’un petit immeuble ancien dans le quartier Escudier, à proximitéde toutes commodités ainsi que du métro Boulogne-Jean Jaurès et du marché Escudier....			"
Nanterre,92000,0,0,/annonces/appartement-nanterre-92000-r444502659,"					Nanterre Préfecture Parc André MalrauxAppartement de 47 m², idéalement positionné à 3mn du RER A et à proximité de la Défense.  Situé au 5e étage avec ascenseur, cet appartement calme comprend une...			"
Fontenay-Aux-Roses,92260,0,0,/annonces/appartement-fontenay-aux-roses-92260-r445800893,"					Appartement 2 pièces de 50m2, en très bon état, lumineux dans un petit immeuble de 4 étages dans une résidence de Haut standing calme et verdoyante.Le bien vient accompagné d'une grande cave de...			"
Colombes,92700,0,0,/annonces/appartement-colombes-92700-r448401073,"					Dans une copropriété récente (2017) à taille humaine (30 lots), centre de Colombes, à 7 min à pied de la gare de Colombes.En rez-de-chaussée avec jardinet donnant sur l'intérieur (aucune nuisance...			"
Antony,92160,0,0,/annonces/appartement-antony-92160-r447503007,"					Résidence calme de 4 étages située dans une rue à sens unique au sein d'un quartier pavillonnaire.Beau 2 pièces de 42 m² traversant entièrement rénové à neuf, au rez-de-chaussée surélevé offrant :...			"
Appartement neuf Colombes,0,0,0,https://www.immoneuf.com/programme/annonce-immobilier-neuf/colombes-92700-g43300/p419369?origine=annonce-pap&utm_source=pap&utm_medium=link&utm_campaign=pap_annonces,"Résidence Artémis.				Découvrez notre nouvelle résidence à Colombes et devenez propriétaire dès maintenant d'un appartement neuf T2, T3, T4 ou d'une villa T5 dans un quartier paisible. Les logements lumineux bénéficient...			"
Châtillon,92320,0,0,/annonces/appartement-chatillon-92320-r445701395,"					Au Coeur de ville de Châtillon, à proximité immédiate de toutes commodités. Venez visiter de 2 pièces de 45 m2 situé au 3ème et dernier étage d'une résidence sécurisée de 2001.T6 Centre de...			"
Le Plessis-Robinson,92350,0,0,/annonces/appartement-le-plessis-robinson-92350-r445601740,"					Dans un cadre calme et fleuri, sur la commune du Plessis Robinson, appartement 2 pièces d'une surface habitable Carrez de 43,7m² environ.L'espace intérieur est constitué d'une entrée, d'un...			"
Clichy,92110,0,0,/annonces/appartement-clichy-92110-r443602587,"					Appartement T2 lumineux de 36 m².Vue directe sur Parc Salengro sans vis à vis, très bien aménagé rare sur le secteur.Entièrement restructuré par un architecte (Isolation, fenêtres double vitrage,...			"
Clichy,92110,0,0,/annonces/appartement-clichy-92110-r446802126,"					Appartement lumineux,  2 pièces rue de Paris à Clichy proche M° 13 & 14.Dans une copropriété très bien entretenue, au 4e étage avec ascenseur d'un bel immeuble bourgeois années 1930, situé au 13 rue...			"
Montrouge,92120,0,0,/annonces/appartement-montrouge-92120-r443402243,"					Très bien situé, dans une rue calme, proche  de toutes commodités (espaces verts, commerces, banques, opticien, restaurants, écoles ..), à 6 min à pied du centre commercial "" La Vache noire"",...			"
Rueil-Malmaison,92500,0,0,/annonces/appartement-rueil-malmaison-92500-r443602985,"					Proche de toutes commodités, magnifique appartement dans résidence récente.Appartement 2 pièces **en très bon état** offrant entrée, séjour, cuisine américaine entièrement aménagée et équipée, une...			"
Boulogne-Billancourt,92100,0,0,/annonces/appartement-boulogne-billancourt-92100-r431600823,"					Dans une petite copropriété, charmant 2 pièces sans perte d'espace de 35 m² ou il fait bon de vivre.Le grand plus de cet appartement est le balcon terrasse de 10 m².L'appartement est **refait à...			"
Boulogne-Billancourt,92100,<li>2 pièces</li>,<li>1 chambre</li>,/annonces/appartement-boulogne-billancourt-92100-r448003492,"					Appartement 2 pièces situé en rez-de-chaussée  d’un petit immeuble ancien dans le quartier Escudier, à proximitéde toutes commodités ainsi que du métro Boulogne-Jean Jaurès et du marché Escudier....			"
Nanterre,92000,<li>2 pièces</li>,<li>1 chambre</li>,/annonces/appartement-nanterre-92000-r444502659,"					Nanterre Préfecture Parc André MalrauxAppartement de 47 m², idéalement positionné à 3mn du RER A et à proximité de la Défense.  Situé au 5e étage avec ascenseur, cet appartement calme comprend une...			"
Fontenay-Aux-Roses,92260,<li>2 pièces</li>,<li>1 chambre</li>,/annonces/appartement-fontenay-aux-roses-92260-r445800893,"					Appartement 2 pièces de 50m2, en très bon état, lumineux dans un petit immeuble de 4 étages dans une résidence de Haut standing calme et verdoyante.Le bien vient accompagné d'une grande cave de...			"
Colombes,92700,<li>2 pièces</li>,<li>1 chambre</li>,/annonces/appartement-colombes-92700-r448401073,"					Dans une copropriété récente (2017) à taille humaine (30 lots), centre de Colombes, à 7 min à pied de la gare de Colombes.En rez-de-chaussée avec jardinet donnant sur l'intérieur (aucune nuisance...			"
Antony,92160,<li>2 pièces</li>,<li>1 chambre</li>,/annonces/appartement-antony-92160-r447503007,"					Résidence calme de 4 étages située dans une rue à sens unique au sein d'un quartier pavillonnaire.Beau 2 pièces de 42 m² traversant entièrement rénové à neuf, au rez-de-chaussée surélevé offrant :...			"
Appartement neuf Colombes,0,<li>2 pièces</li>,0,https://www.immoneuf.com/programme/annonce-immobilier-neuf/colombes-92700-g43300/p419369?origine=annonce-pap&utm_source=pap&utm_medium=link&utm_campaign=pap_annonces,"Résidence Artémis.				Découvrez notre nouvelle résidence à Colombes et devenez propriétaire dès maintenant d'un appartement neuf T2, T3, T4 ou d'une villa T5 dans un quartier paisible. Les logements lumineux bénéficient...			"
Châtillon,92320,<li>2 pièces</li>,<li>1 chambre</li>,/annonces/appartement-chatillon-92320-r445701395,"					Au Coeur de ville de Châtillon, à proximité immédiate de toutes commodités. Venez visiter de 2 pièces de 45 m2 situé au 3ème et dernier étage d'une résidence sécurisée de 2001.T6 Centre de...			"
Le Plessis-Robinson,92350,<li>2 pièces</li>,<li>1 chambre</li>,/annonces/appartement-le-plessis-robinson-92350-r445601740,"					Dans un cadre calme et fleuri, sur la commune du Plessis Robinson, appartement 2 pièces d'une surface habitable Carrez de 43,7m² environ.L'espace intérieur est constitué d'une entrée, d'un...			"
Clichy,92110,<li>2 pièces</li>,<li>1 chambre</li>,/annonces/appartement-clichy-92110-r443602587,"					Appartement T2 lumineux de 36 m².Vue directe sur Parc Salengro sans vis à vis, très bien aménagé rare sur le secteur.Entièrement restructuré par un architecte (Isolation, fenêtres double vitrage,...			"
Clichy,92110,<li>2 pièces</li>,<li>1 chambre</li>,/annonces/appartement-clichy-92110-r446802126,"					Appartement lumineux,  2 pièces rue de Paris à Clichy proche M° 13 & 14.Dans une copropriété très bien entretenue, au 4e étage avec ascenseur d'un bel immeuble bourgeois années 1930, situé au 13 rue...			"
Montrouge,92120,<li>2 pièces</li>,<li>1 chambre</li>,/annonces/appartement-montrouge-92120-r443402243,"					Très bien situé, dans une rue calme, proche  de toutes commodités (espaces verts, commerces, banques, opticien, restaurants, écoles ..), à 6 min à pied du centre commercial "" La Vache noire"",...			"
Rueil-Malmaison,92500,<li>2 pièces</li>,<li>1 chambre</li>,/annonces/appartement-rueil-malmaison-92500-r443602985,"					Proche de toutes commodités, magnifique appartement dans résidence récente.Appartement 2 pièces **en très bon état** offrant entrée, séjour, cuisine américaine entièrement aménagée et équipée, une...			"
Boulogne-Billancourt,92100,<li>2 pièces</li>,<li>1 chambre</li>,/annonces/appartement-boulogne-billancourt-92100-r431600823,"					Dans une petite copropriété, charmant 2 pièces sans perte d'espace de 35 m² ou il fait bon de vivre.Le grand plus de cet appartement est le balcon terrasse de 10 m².L'appartement est **refait à...			"
Boulogne-Billancourt,92100,<li>2 pièces</li>,<li>1 chambre</li>,/annonces/appartement-boulogne-billancourt-92100-r448003492,"					Appartement 2 pièces situé en rez-de-chaussée  d’un petit immeuble ancien dans le quartier Escudier, à proximitéde toutes commodités ainsi que du métro Boulogne-Jean Jaurès et du marché Escudier....			"
Nanterre,92000,<li>2 pièces</li>,<li>1 chambre</li>,/annonces/appartement-nanterre-92000-r444502659,"					Nanterre Préfecture Parc André MalrauxAppartement de 47 m², idéalement positionné à 3mn du RER A et à proximité de la Défense.  Situé au 5e étage avec ascenseur, cet appartement calme comprend une...			"
Fontenay-Aux-Roses,92260,<li>2 pièces</li>,<li>1 chambre</li>,/annonces/appartement-fontenay-aux-roses-92260-r445800893,"					Appartement 2 pièces de 50m2, en très bon état, lumineux dans un petit immeuble de 4 étages dans une résidence de Haut standing calme et verdoyante.Le bien vient accompagné d'une grande cave de...			"
Colombes,92700,<li>2 pièces</li>,<li>1 chambre</li>,/annonces/appartement-colombes-92700-r448401073,"					Dans une copropriété récente (2017) à taille humaine (30 lots), centre de Colombes, à 7 min à pied de la gare de Colombes.En rez-de-chaussée avec jardinet donnant sur l'intérieur (aucune nuisance...			"
Antony,92160,<li>2 pièces</li>,<li>1 chambre</li>,/annonces/appartement-antony-92160-r447503007,"					Résidence calme de 4 étages située dans une rue à sens unique au sein d'un quartier pavillonnaire.Beau 2 pièces de 42 m² traversant entièrement rénové à neuf, au rez-de-chaussée surélevé offrant :...			"
Appartement neuf Colombes,0,<li>2 pièces</li>,0,https://www.immoneuf.com/programme/annonce-immobilier-neuf/colombes-92700-g43300/p419369?origine=annonce-pap&utm_source=pap&utm_medium=link&utm_campaign=pap_annonces,"Résidence Artémis.				Découvrez notre nouvelle résidence à Colombes et devenez propriétaire dès maintenant d'un appartement neuf T2, T3, T4 ou d'une villa T5 dans un quartier paisible. Les logements lumineux bénéficient...			"
Châtillon,92320,<li>2 pièces</li>,<li>1 chambre</li>,/annonces/appartement-chatillon-92320-r445701395,"					Au Coeur de ville de Châtillon, à proximité immédiate de toutes commodités. Venez visiter de 2 pièces de 45 m2 situé au 3ème et dernier étage d'une résidence sécurisée de 2001.T6 Centre de...			"
Le Plessis-Robinson,92350,<li>2 pièces</li>,<li>1 chambre</li>,/annonces/appartement-le-plessis-robinson-92350-r445601740,"					Dans un cadre calme et fleuri, sur la commune du Plessis Robinson, appartement 2 pièces d'une surface habitable Carrez de 43,7m² environ.L'espace intérieur est constitué d'une entrée, d'un...			"
Clichy,92110,<li>2 pièces</li>,<li>1 chambre</li>,/annonces/appartement-clichy-92110-r443602587,"					Appartement T2 lumineux de 36 m².Vue directe sur Parc Salengro sans vis à vis, très bien aménagé rare sur le secteur.Entièrement restructuré par un architecte (Isolation, fenêtres double vitrage,...			"
Clichy,92110,<li>2 pièces</li>,<li>1 chambre</li>,/annonces/appartement-clichy-92110-r446802126,"					Appartement lumineux,  2 pièces rue de Paris à Clichy proche M° 13 & 14.Dans une copropriété très bien entretenue, au 4e étage avec ascenseur d'un bel immeuble bourgeois années 1930, situé au 13 rue...			"
Montrouge,92120,<li>2 pièces</li>,<li>1 chambre</li>,/annonces/appartement-montrouge-92120-r443402243,"					Très bien situé, dans une rue calme, proche  de toutes commodités (espaces verts, commerces, banques, opticien, restaurants, écoles ..), à 6 min à pied du centre commercial "" La Vache noire"",...			"
Rueil-Malmaison,92500,<li>2 pièces</li>,<li>1 chambre</li>,/annonces/appartement-rueil-malmaison-92500-r443602985,"					Proche de toutes commodités, magnifique appartement dans résidence récente.Appartement 2 pièces **en très bon état** offrant entrée, séjour, cuisine américaine entièrement aménagée et équipée, une...			"
Boulogne-Billancourt,92100,<li>2 pièces</li>,<li>1 chambre</li>,/annonces/appartement-boulogne-billancourt-92100-r431600823,"					Dans une petite copropriété, charmant 2 pièces sans perte d'espace de 35 m² ou il fait bon de vivre.Le grand plus de cet appartement est le balcon terrasse de 10 m².L'appartement est **refait à...			"
Boulogne-Billancourt,92100,2,1,/annonces/appartement-boulogne-billancourt-92100-r448003492,"					Appartement 2 pièces situé en rez-de-chaussée  d’un petit immeuble ancien dans le quartier Escudier, à proximitéde toutes commodités ainsi que du métro Boulogne-Jean Jaurès et du marché Escudier....			"
Nanterre,92000,2,1,/annonces/appartement-nanterre-92000-r444502659,"					Nanterre Préfecture Parc André MalrauxAppartement de 47 m², idéalement positionné à 3mn du RER A et à proximité de la Défense.  Situé au 5e étage avec ascenseur, cet appartement calme comprend une...			"
Fontenay-Aux-Roses,92260,2,1,/annonces/appartement-fontenay-aux-roses-92260-r445800893,"					Appartement 2 pièces de 50m2, en très bon état, lumineux dans un petit immeuble de 4 étages dans une résidence de Haut standing calme et verdoyante.Le bien vient accompagné d'une grande cave de...			"
Colombes,92700,2,1,/annonces/appartement-colombes-92700-r448401073,"					Dans une copropriété récente (2017) à taille humaine (30 lots), centre de Colombes, à 7 min à pied de la gare de Colombes.En rez-de-chaussée avec jardinet donnant sur l'intérieur (aucune nuisance...			"
Antony,92160,2,1,/annonces/appartement-antony-92160-r447503007,"					Résidence calme de 4 étages située dans une rue à sens unique au sein d'un quartier pavillonnaire.Beau 2 pièces de 42 m² traversant entièrement rénové à neuf, au rez-de-chaussée surélevé offrant :...			"
Appartement neuf Colombes,0,2,0,https://www.immoneuf.com/programme/annonce-immobilier-neuf/colombes-92700-g43300/p419369?origine=annonce-pap&utm_source=pap&utm_medium=link&utm_campaign=pap_annonces,"Résidence Artémis.				Découvrez notre nouvelle résidence à Colombes et devenez propriétaire dès maintenant d'un appartement neuf T2, T3, T4 ou d'une villa T5 dans un quartier paisible. Les logements lumineux bénéficient...			"
Châtillon,92320,2,1,/annonces/appartement-chatillon-92320-r445701395,"					Au Coeur de ville de Châtillon, à proximité immédiate de toutes commodités. Venez visiter de 2 pièces de 45 m2 situé au 3ème et dernier étage d'une résidence sécurisée de 2001.T6 Centre de...			"
Le Plessis-Robinson,92350,2,1,/annonces/appartement-le-plessis-robinson-92350-r445601740,"					Dans un cadre calme et fleuri, sur la commune du Plessis Robinson, appartement 2 pièces d'une surface habitable Carrez de 43,7m² environ.L'espace intérieur est constitué d'une entrée, d'un...			"
Clichy,92110,2,1,/annonces/appartement-clichy-92110-r443602587,"					Appartement T2 lumineux de 36 m².Vue directe sur Parc Salengro sans vis à vis, très bien aménagé rare sur le secteur.Entièrement restructuré par un architecte (Isolation, fenêtres double vitrage,...			"
Clichy,92110,2,1,/annonces/appartement-clichy-92110-r446802126,"					Appartement lumineux,  2 pièces rue de Paris à Clichy proche M° 13 & 14.Dans une copropriété très bien entretenue, au 4e étage avec ascenseur d'un bel immeuble bourgeois années 1930, situé au 13 rue...			"
Montrouge,92120,2,1,/annonces/appartement-montrouge-92120-r443402243,"					Très bien situé, dans une rue calme, proche  de toutes commodités (espaces verts, commerces, banques, opticien, restaurants, écoles ..), à 6 min à pied du centre commercial "" La Vache noire"",...			"
Rueil-Malmaison,92500,2,1,/annonces/appartement-rueil-malmaison-92500-r443602985,"					Proche de toutes commodités, magnifique appartement dans résidence récente.Appartement 2 pièces **en très bon état** offrant entrée, séjour, cuisine américaine entièrement aménagée et équipée, une...			"
Boulogne-Billancourt,92100,2,1,/annonces/appartement-boulogne-billancourt-92100-r431600823,"					Dans une petite copropriété, charmant 2 pièces sans perte d'espace de 35 m² ou il fait bon de vivre.Le grand plus de cet appartement est le balcon terrasse de 10 m².L'appartement est **refait à...			"
Boulogne-Billancourt,92100,2,1,/annonces/appartement-boulogne-billancourt-92100-r448003492,"					Appartement 2 pièces situé en rez-de-chaussée  d’un petit immeuble ancien dans le quartier Escudier, à proximitéde toutes commodités ainsi que du métro Boulogne-Jean Jaurès et du marché Escudier....			"
Nanterre,92000,2,1,/annonces/appartement-nanterre-92000-r444502659,"					Nanterre Préfecture Parc André MalrauxAppartement de 47 m², idéalement positionné à 3mn du RER A et à proximité de la Défense.  Situé au 5e étage avec ascenseur, cet appartement calme comprend une...			"
Fontenay-Aux-Roses,92260,2,1,/annonces/appartement-fontenay-aux-roses-92260-r445800893,"					Appartement 2 pièces de 50m2, en très bon état, lumineux dans un petit immeuble de 4 étages dans une résidence de Haut standing calme et verdoyante.Le bien vient accompagné d'une grande cave de...			"
Colombes,92700,2,1,/annonces/appartement-colombes-92700-r448401073,"					Dans une copropriété récente (2017) à taille humaine (30 lots), centre de Colombes, à 7 min à pied de la gare de Colombes.En rez-de-chaussée avec jardinet donnant sur l'intérieur (aucune nuisance...			"
Antony,92160,2,1,/annonces/appartement-antony-92160-r447503007,"					Résidence calme de 4 étages située dans une rue à sens unique au sein d'un quartier pavillonnaire.Beau 2 pièces de 42 m² traversant entièrement rénové à neuf, au rez-de-chaussée surélevé offrant :...			"
Appartement neuf Colombes,0,2,0,https://www.immoneuf.com/programme/annonce-immobilier-neuf/colombes-92700-g43300/p419369?origine=annonce-pap&utm_source=pap&utm_medium=link&utm_campaign=pap_annonces,"Résidence Artémis.				Découvrez notre nouvelle résidence à Colombes et devenez propriétaire dès maintenant d'un appartement neuf T2, T3, T4 ou d'une villa T5 dans un quartier paisible. Les logements lumineux bénéficient...			"
Châtillon,92320,2,1,/annonces/appartement-chatillon-92320-r445701395,"					Au Coeur de ville de Châtillon, à proximité immédiate de toutes commodités. Venez visiter de 2 pièces de 45 m2 situé au 3ème et dernier étage d'une résidence sécurisée de 2001.T6 Centre de...			"
Le Plessis-Robinson,92350,2,1,/annonces/appartement-le-plessis-robinson-92350-r445601740,"					Dans un cadre calme et fleuri, sur la commune du Plessis Robinson, appartement 2 pièces d'une surface habitable Carrez de 43,7m² environ.L'espace intérieur est constitué d'une entrée, d'un...			"
Clichy,92110,2,1,/annonces/appartement-clichy-92110-r443602587,"					Appartement T2 lumineux de 36 m².Vue directe sur Parc Salengro sans vis à vis, très bien aménagé rare sur le secteur.Entièrement restructuré par un architecte (Isolation, fenêtres double vitrage,...			"
Clichy,92110,2,1,/annonces/appartement-clichy-92110-r446802126,"					Appartement lumineux,  2 pièces rue de Paris à Clichy proche M° 13 & 14.Dans une copropriété très bien entretenue, au 4e étage avec ascenseur d'un bel immeuble bourgeois années 1930, situé au 13 rue...			"
Montrouge,92120,2,1,/annonces/appartement-montrouge-92120-r443402243,"					Très bien situé, dans une rue calme, proche  de toutes commodités (espaces verts, commerces, banques, opticien, restaurants, écoles ..), à 6 min à pied du centre commercial "" La Vache noire"",...			"
Rueil-Malmaison,92500,2,1,/annonces/appartement-rueil-malmaison-92500-r443602985,"					Proche de toutes commodités, magnifique appartement dans résidence récente.Appartement 2 pièces **en très bon état** offrant entrée, séjour, cuisine américaine entièrement aménagée et équipée, une...			"
Boulogne-Billancourt,92100,2,1,/annonces/appartement-boulogne-billancourt-92100-r431600823,"					Dans une petite copropriété, charmant 2 pièces sans perte d'espace de 35 m² ou il fait bon de vivre.Le grand plus de cet appartement est le balcon terrasse de 10 m².L'appartement est **refait à...			"
Boulogne-Billancourt,92100,2,1,/annonces/appartement-boulogne-billancourt-92100-r448003492,"					Appartement 2 pièces situé en rez-de-chaussée  d’un petit immeuble ancien dans le quartier Escudier, à proximitéde toutes commodités ainsi que du métro Boulogne-Jean Jaurès et du marché Escudier....			"
Nanterre,92000,2,1,/annonces/appartement-nanterre-92000-r444502659,"					Nanterre Préfecture Parc André MalrauxAppartement de 47 m², idéalement positionné à 3mn du RER A et à proximité de la Défense.  Situé au 5e étage avec ascenseur, cet appartement calme comprend une...			"
Fontenay-Aux-Roses,92260,2,1,/annonces/appartement-fontenay-aux-roses-92260-r445800893,"					Appartement 2 pièces de 50m2, en très bon état, lumineux dans un petit immeuble de 4 étages dans une résidence de Haut standing calme et verdoyante.Le bien vient accompagné d'une grande cave de...			"
Colombes,92700,2,1,/annonces/appartement-colombes-92700-r448401073,"					Dans une copropriété récente (2017) à taille humaine (30 lots), centre de Colombes, à 7 min à pied de la gare de Colombes.En rez-de-chaussée avec jardinet donnant sur l'intérieur (aucune nuisance...			"
Antony,92160,2,1,/annonces/appartement-antony-92160-r447503007,"					Résidence calme de 4 étages située dans une rue à sens unique au sein d'un quartier pavillonnaire.Beau 2 pièces de 42 m² traversant entièrement rénové à neuf, au rez-de-chaussée surélevé offrant :...			"
Appartement neuf Colombes,0,2,0,https://www.immoneuf.com/programme/annonce-immobilier-neuf/colombes-92700-g43300/p419369?origine=annonce-pap&utm_source=pap&utm_medium=link&utm_campaign=pap_annonces,"Résidence Artémis.				Découvrez notre nouvelle résidence à Colombes et devenez propriétaire dès maintenant d'un appartement neuf T2, T3, T4 ou d'une villa T5 dans un quartier paisible. Les logements lumineux bénéficient...			"
Châtillon,92320,2,1,/annonces/appartement-chatillon-92320-r445701395,"					Au Coeur de ville de Châtillon, à proximité immédiate de toutes commodités. Venez visiter de 2 pièces de 45 m2 situé au 3ème et dernier étage d'une résidence sécurisée de 2001.T6 Centre de...			"
Le Plessis-Robinson,92350,2,1,/annonces/appartement-le-plessis-robinson-92350-r445601740,"					Dans un cadre calme et fleuri, sur la commune du Plessis Robinson, appartement 2 pièces d'une surface habitable Carrez de 43,7m² environ.L'espace intérieur est constitué d'une entrée, d'un...			"
Clichy,92110,2,1,/annonces/appartement-clichy-92110-r443602587,"					Appartement T2 lumineux de 36 m².Vue directe sur Parc Salengro sans vis à vis, très bien aménagé rare sur le secteur.Entièrement restructuré par un architecte (Isolation, fenêtres double vitrage,...			"
Clichy,92110,2,1,/annonces/appartement-clichy-92110-r446802126,"					Appartement lumineux,  2 pièces rue de Paris à Clichy proche M° 13 & 14.Dans une copropriété très bien entretenue, au 4e étage avec ascenseur d'un bel immeuble bourgeois années 1930, situé au 13 rue...			"
Montrouge,92120,2,1,/annonces/appartement-montrouge-92120-r443402243,"					Très bien situé, dans une rue calme, proche  de toutes commodités (espaces verts, commerces, banques, opticien, restaurants, écoles ..), à 6 min à pied du centre commercial "" La Vache noire"",...			"
Rueil-Malmaison,92500,2,1,/annonces/appartement-rueil-malmaison-92500-r443602985,"					Proche de toutes commodités, magnifique appartement dans résidence récente.Appartement 2 pièces **en très bon état** offrant entrée, séjour, cuisine américaine entièrement aménagée et équipée, une...			"
Boulogne-Billancourt,92100,2,1,/annonces/appartement-boulogne-billancourt-92100-r431600823,"					Dans une petite copropriété, charmant 2 pièces sans perte d'espace de 35 m² ou il fait bon de vivre.Le grand plus de cet appartement est le balcon terrasse de 10 m².L'appartement est **refait à...			"
